eric bryant,tina stevens
emma horton,tina stevens
teresa hudson,vicky rodriguez
aiden herrera,courtney wallace
bill mcdonalid,seth austin
ken lambert,leslie martin
alan johnston,theo ford
calvin little,joshua morris
abby rice,hailey peters
carla holt,kitty ryan
brianna carpenter,meghan price
alex clark,milton barnes
alfredo weaver,charles alexander
christopher brewer,theo ford
bernice cunningham,natalie dixon
liam weaver,stephanie ross
derrick scott,myrtle montgomery
abigail peterson,carol fletcher
landon elliott,liam weaver
florence turner,teresa hudson
ashley rodriquez,linda rodriguez
calvin little,gregory franklin
mia brooks,salvador fisher
jared alvarez,marian steward
carol collins,maya hughes
abigail smith,stanley gibson
brooke dean,vera herrera
antonio miles,brennan martin
abigail peterson,landon elliott
marian steward,tracy cole
andrew garrett,vanessa owens
alfredo weaver,jackson fowler
janet perez,mandy dixon
jared alvarez,patricia wade
clarence robertson,franklin may
franklin may,zachary curtis
melissa taylor,philip hawkins
dale lawson,justin ross
aiden herrera,alan johnston
genesis riley,kayla watts
derrick scott,neil burns
carmen ramos,carol fletcher
carol barnes,julie snyder
carol collins,christopher brewer
alan johnston,carolyn gibson
carolyn gibson,dwayne walters
carol collins,nora coleman
frank watson,stacy mitchelle
courtney lambert,sophie marshall
clifton warren,lori rogers
alan johnston,fred hanson
clifton warren,theo ford
charles alexander,leon wagner
avery dean,gregory franklin
ashley rodriquez,freddie kim
camila henry,salvador fisher
donna flores,mia brooks
dwayne walters,genesis riley
lester lambert,lily baker
caitlin flores,chloe mitchelle
brianna carpenter,jay baker
jordan lane,same ellis
carmen ramos,melissa neal
christy willis,clyde ramirez
dwayne walters,leon wagner
chloe mitchelle,emma horton
bryan brewer,stacy mitchelle
allan hawkins,joshua jensen
lillian hawkins,wilma robinson
carolyn gibson,gregory franklin
daniel ross,leona stephens
faith hart,phyllis caldwell
arthur alexander,edward ford
jennifer graham,stephen austin
dale lawson,jane oliver
courtney lambert,virgil dunn
stella walters,vera herrera
miriam horton,same ellis
ella crawford,melissa taylor
chester coleman,ken lambert
bobby reynolds,brayden brown
aiden herrera,freddie kim
liam weaver,zachary woods
luke hart,patsy dean
gabriel long,nora coleman
jen kuhn,kitty rogers
billy fleming,julie snyder
bobby reynolds,zachary curtis
harvey rice,jordan lane
dwayne walters,lewis hernandez
bernice cunningham,sandra elliott
daniel ross,vicky marshall
bernice cunningham,leslie martin
carol fletcher,mandy dixon
jackson fernandez,karl miller
antonio reynolds,myrtle montgomery
catherine jacobs,ricky mason
randall sullivan,todd gregory
hazel williamson,teresa hudson
arthur alexander,luke hart
bobbie barnes,joseph arnold
carol collins,lillie simpson
gregory franklin,julio gutierrez
calvin little,patsy dean
faith hart,joshua morris
arron hughes,bryan brewer
carla holt,christy willis
maureen dean,natalie dixon
brooke dean,ricky mason
faith hart,justin ross
darrell peck,stanley gibson
emma horton,julie woods
antonio reynolds,bernice cunningham
gregory franklin,lily baker
jeffrey kuhn,leona stephens
joshua morris,maureen dean
abby rice,gabriel long
allan hawkins,eduardo walker
chris peters,krin fuller
jennifer graham,julie woods
janet perez,max rivera
derek bennett,ella crawford
bobbie barnes,lillian hawkins
edna peters,randy fuller
micheal gilbert,randy fuller
emma horton,linda rodriguez
allan hawkins,linda rodriguez
bob diaz,dale lawson
joseph arnold,miriam horton
brooke dean,karl miller
connor hunter,dwayne walters
krin fuller,roland freeman
joshua morris,lewis hernandez
carol collins,miriam horton
lily baker,maya hughes
alfredo weaver,lewis hernandez
krin fuller,stella walters
clyde ramirez,derrick scott
dale lawson,sophia murray
calvin little,darrell peck
eric pierce,harvey rice
edna peters,same ellis
christopher brewer,stephen mills
connor hunter,mark foster
mathew jensen,melissa taylor
jeffrey kuhn,peyton hayes
julie woods,melissa taylor
lori rogers,nora coleman
chloe mitchelle,kevin harrison
avery dean,eric bryant
connor hunter,derrick scott
ashley mitchelle,roland freeman
frank watson,roland freeman
andrew garrett,victoria barnett
carol barnes,phyllis caldwell
melissa neal,seth austin
jessica welch,jordan lane
arthur alexander,ella crawford
linda rodriguez,patsy dean
arthur alexander,genesis riley
stephanie ross,vicky rodriguez
genesis riley,joshua jensen
ken lambert,sophia murray
chris peters,glen woods
felix mckinney,julie snyder
bernice craig,carla holt
bobby reynolds,leona stephens
fred hanson,grace bryant
arron hughes,sandra elliott
abigail smith,stacy mitchelle
mark foster,theo ford
bruce powell,harvey rice
darrell peck,sam stanley
allan hawkins,neil burns
faith hart,suzanna bishop
carolyn gibson,philip hawkins
bruce powell,derek bennett
fred hanson,philip hawkins
charles campbell,faith hart
chester coleman,tina stevens
glen woods,ruben pearson
edward ford,max rivera
alfredo weaver,catherine jacobs
patricia wade,shannon coleman
abigail peterson,mark hill
eric bryant,jackson fowler
allan hawkins,julie rodriguez
jackson fernandez,kevin harrison
marian steward,seth austin
chester coleman,jessica welch
clifton warren,eduardo walker
chris peters,vera herrera
abigail smith,victoria barnett
alex clark,wilma day
carol fletcher,mark hill
carol collins,mia brooks
bertha fields,julie woods
christina graham,kayla watts
christina graham,lillian hawkins
grace bryant,landon elliott
